Year,Count,Model 1,Model 2
0,100,100,100
1,53,50,85.71
2,27,25,71.43
3,15,12.5,57.14
4,9,6.25,42.86
5,3,3.125,28.57
6,1,1.5625,14.29
7,0,0.78125,0
8,0,0.390625,0
